Year,Average_Temperature,CO2_Emissions,Sea_Level,Ice_Sheet_Mass,Deforestation_Rate
1980,16.74507122951685,375.04585938121903,10.798446245210558,-423.391972161531,16326.811746998143
1980,15.792603548243223,301.12223776007244,11.294391879405483,-377.3066776115692,12086.20671194209
1980,16.97153280715104,354.9666152714613,9.033627075401252,-510.0154076479953,2805.9142086178545
1980,18.284544784612038,387.5693561685895,13.147973526580065,-520.3673750176965,14328.60418906848
1980,15.648769937914995,266.5297359439314,7.548468673995318,-587.7982586756561,22113.7406804997
1980,15.64879456457623,377.16800961899673,7.07125023958036,-582.688035403986,19631.077011207963
1980,18.368819223261088,316.86881205270765,10.448903637119944,-522.6478891901527,19826.987422955855
1980,17.151152093729362,378.52993342965794,12.094196605224308,-463.2634493183822,21180.65360903109
1980,15.295788421097573,311.83704217287413,13.367855382915737,-408.64153737667505,15443.287954807187
1980,16.813840065378947,259.75589496677406,9.08223147426212,-580.3178950680344,15986.578537027977
1980,15.304873460781307,268.6228781058419,12.157361666862592,-350.7311431040478,11911.74052282825
1980,15.301405369644614,352.4042473330691,9.922983060998586,-527.1123601042568,13419.635719864751
1981,16.36294340734905,362.9861250860741,9.65474540011836,-502.13672943484363,18078.85574885571
1981,13.130079633013302,304.78416874477955,11.767319874973344,-574.7211679147823,21019.42218584408
1981,13.41262325123045,381.9296229388687,11.30464575682684,-742.4240260272942,14302.768621595002
1981,15.156568706138541,266.923996886552,6.847215686031501,-411.59546036389503,12749.053675742942
1981,14.480753319498364,346.6960100676342,12.953080699451792,-426.3156102907567,15002.639794282986
1981,16.471370998892912,289.44919001187714,12.760182708294902,-528.1327557118213,18006.033744645574
1981,14.637963886718184,317.40819460989206,8.748874596980942,-493.3009282775128,7780.725919332291
1981,13.881544447997063,352.3699335658207,10.791607066874818,-448.40607822959004,3519.0952343138088
1981,18.19847315338233,306.97933173580236,10.988060372565478,-656.2545856886543,12247.315752542083
1981,15.661335549270197,330.7722227885087,10.521347531647814,-552.9052677346294,8896.437870429207
1981,16.101292307031887,400.31464046072205,8.89938969230916,-420.5735320378173,12459.299011763445
1981,13.862877720679815,321.15540652384254,8.656753264123896,-625.4289423169249,14261.098405912642
1982,15.183425913212226,391.7846056032571,9.94889185801711,-470.6442067833371,12733.757954884933
1982,16.166383884564798,293.5146572671191,12.345458038518728,-635.6581804623405,22262.337672353726
1982,14.273509633866546,376.4902088957641,11.087200309188864,-453.3570017566474,16633.7238230116
1982,16.563547027518506,422.078431032895,9.258771335827788,-503.56414822974835,16502.37179805414
1982,15.099041965121792,226.41777499363553,11.543397421296689,-661.513181590551,18111.03572021701
1982,15.562459375310084,310.1552372264762,4.302914758739849,-383.52606455428287,9305.834411096155
1982,15.097440081655904,378.853606359027,12.297531400744207,-573.4591576798049,20195.55893710134
1982,18.778417276763406,339.84773069785035,6.5205724424438,-581.0252437014381,14621.1785673227
1982,15.9797541628931,368.5572936685654,9.275118117193736,-479.94308027690573,18352.40308620606
1982,14.41343360656615,319.80074066420894,7.760660210747712,-385.13626505712847,9640.713834799222
1982,17.233817368154785,354.329489373645,7.410637048558188,-601.5821818978397,7231.206169919678
1982,14.168734525043467,342.21613823039604,12.32165357475704,-493.83201501520284,19089.448290125143
1983,16.313295392507133,408.38910308299035,9.064597597376217,-457.1183499669427,16882.047630487585
1983,13.060494814180338,362.7210421650607,10.69300776346143,-430.6894392736856,10489.742228212448
1983,14.007720926652354,366.8801331037601,9.906158842241632,-482.35584447227745,10651.684593626527
1983,16.295291853803686,329.4061516938766,10.954081654446243,-536.7027839083322,20627.173922073845
1983,17.107699869993116,325.6196887963753,10.153643782120511,-582.7590220648719,9052.940535663362
1983,16.257052421784955,328.372090609019,7.434015551622861,-491.3856116953625,23213.364766279818
1983,15.82652757641764,369.7226071189148,11.99253363889428,-607.2139011985607,10496.896326760656
1983,15.548344456616066,328.95077595898687,9.012486833677375,-792.1350483494607,18191.959628041914
1983,13.78221701444886,364.48874284482065,6.886836202680498,-456.3440195842332,13356.907621255077
1983,14.920233687407936,453.77003993227197,9.143769678068175,-409.60651589138047,18015.937155411717
1983,15.309041843560319,393.5562351715846,13.00151958126862,-736.2932435541838,12279.429989429038
1983,17.585683339328373,333.69882339160796,11.700443484226986,-600.9730704709938,14186.03546963853
1984,16.51542743435269,410.06069610819725,9.302695731184281,-438.08457389948023,15204.595876978605
1984,13.3554397669559,329.5962313489224,9.301484591363142,-294.2504530288301,9989.062721092636
1984,16.48612595409219,248.0937732411073,9.356729897565234,-497.9206292324592,18704.121727100628
1984,15.422376579375525,299.5956844541298,14.153495967121682,-572.8002941229134,12433.932167642073
1984,14.984616999541062,256.4604039487072,10.763870904463106,-518.289644110484,13857.000423299907
1984,16.917514433261303,332.42432579793456,10.86008329438214,-362.5123580851815,10028.25312695744
1984,17.546499283743927,350.9209189594776,12.060566908063684,-564.5964179124535,2188.3317060234476
1984,17.396920178674296,433.82186561376415,10.477578318053027,-579.9192006650253,14044.861186999155
1984,14.741173715166042,366.34636868820814,9.481915708358594,-548.2743522182033,27063.07710806458
1984,15.536181436223178,339.0449735595568,9.607300301830044,-595.3328608258712,18923.02143949012
1984,16.496895147105345,391.47027905917446,9.856797481171872,-487.73296840052046,14903.698101328027
1984,17.46331769068354,239.44323454960573,9.925555526980316,-337.53215415304396,13685.545853958662
1985,15.281238643232065,361.7807279054283,11.45525908727396,-467.6920726883971,15112.329464060233
1985,15.721511535004275,388.54325969434836,10.103891771614599,-525.2353502126288,17735.59557587605
1985,14.340497538990958,276.0706877110079,11.46528015443116,-529.1811268915544,9095.935923455776
1985,14.205690063878993,407.1877021603465,9.838566839782835,-656.3190808696656,20571.60847334436
1985,17.218788733591296,366.9248203747207,10.15727038063218,-411.68902228528407,18576.90657720622
1985,18.034360042856235,329.2356043049599,6.003598630935785,-507.7837197012802,18590.928628539674
1985,15.891984817629499,381.63909330531425,11.832655349404963,-518.0479913590625,17192.378694048635
1985,17.505299346838036,463.5346428902198,10.692976951795986,-180.6892432155139,15098.08328846995
1985,16.542454037571453,359.09331275292476,11.996020219719304,-470.12470916343136,18364.3061798341
1985,15.032320368092314,362.4110293150168,4.207489243612621,-575.1791050095185,17959.07066870689
1985,16.54209340826262,327.0319550229878,14.176749409561456,-542.6357596205544,13229.796445294882
1985,18.307054849698954,307.5077815267604,9.720820743689652,-385.15542908032455,12131.991135515495
1986,15.946260941335073,391.5167908272123,12.216365633475032,-488.67295894622356,15509.281476309934
1986,18.34696548372101,307.1958087045566,7.920188145748938,-643.8277978317367,22745.100757475935
1986,12.070382343865383,353.5783118609696,11.22554781012514,-408.07710654247967,8804.464621730494
1986,17.232853756562836,326.1171276617442,7.893168873652687,-566.8144085538994,7662.3736712377995
1986,16.130570602357256,373.9489912873196,8.75246207860839,-312.67022237824546,15823.804206182584
1986,15.551488974301199,366.68310526434743,13.828062707733572,-391.9951934285351,15254.43850928009
1986,16.137641164803252,401.87699721289493,9.618635198473307,-544.7321895658752,15866.708321852042
1986,13.018646628098661,324.49918005726266,10.434865746359446,-371.8983638264887,16219.765989542502
1986,15.670492168243731,336.5062532353314,11.740135461377509,-493.21444894725965,13883.988726825974
1986,16.53566885726762,301.0618142108846,10.99136377594521,-414.72263248777807,22449.31719301041
1986,18.216841067112274,327.7853369961944,10.300837810287153,-451.5267182705525,6995.480107617423
1986,15.22259467258953,368.8650246522426,10.729922004932451,-584.6356654990874,10857.51487609877
1987,14.787259595660219,387.8494308322676,14.80683117047655,-564.3549832317462,14483.726199254763
1987,15.247364434623195,303.8917337911187,9.884762405932829,-397.00391824188387,6784.055944229163
1987,17.373103176553112,393.480296005283,10.402198093429934,-533.4775332106541,14120.727977839644
1987,16.493126664489527,417.78189294024753,12.101308792015224,-540.3648463241997,23307.35082864009
1987,15.205359694349442,370.6717451611851,12.211051865915968,-595.5122579349353,15104.432441479808
1987,16.769901149670034,443.8397906279033,12.374060611120761,-457.6400934406539,16153.504528593417
1987,16.14561632402206,311.3105400448213,11.27746044405837,-293.7475080756855,8699.176174137097
1987,17.452967485799334,287.76726483442917,7.713990174539033,-606.7532914254273,11918.192959802613
1987,14.946920359183972,261.0639875547861,13.266863064602191,-497.5780543327242,13124.018098380315
1987,15.508506780103348,424.8022155744592,7.707309213962624,-358.7779444584571,13411.424516218829
1987,15.411837770301764,382.71828281770286,10.605270930478067,-507.9641391245715,21408.218975018845
1987,13.804727577801822,347.22076645447726,8.491448299961284,-454.7628203750266,17788.455303625622
1988,16.444180415596865,363.998431315991,9.871723306814015,-606.239352814688,9442.71021531484
1988,16.391582908269832,293.72554763508117,10.65752482060696,-457.16929027923516,16232.523892160025
1988,16.00767018496369,472.2875989808413,10.642714430900547,-518.7144265004549,17491.108742483924
1988,15.64811929993728,356.4610590987614,10.84384150847057,-401.4270004320137,20700.745192606333
1988,13.876943886924378,355.46973973024467,13.227422538117294,-381.2613948435249,22902.703432841867
1988,15.369032015851962,386.2883311949346,10.907068603027959,-241.0436357981386,9924.529040860656
1988,15.485928225209847,374.05046158683564,9.511686729418702,-442.0366826786424,10945.712443948309
1988,14.796584096167571,361.19420121395655,11.928174336576715,-467.42036834178333,8712.11070542692
1988,15.758071432500987,310.4762772277344,12.37894097784928,-480.5615698422664,13829.900704465093
1988,16.606076285221807,373.5734178567998,7.544784369726015,-535.3166292810688,17331.79187223167
1988,18.829278851815793,444.1012248237517,11.194800139699716,-466.1516156538309,19936.67258294551
1988,16.26186671924776,417.27100230774886,11.402345484621797,-529.5401410139029,14620.244881787386
1989,16.386325586084148,429.65933133196984,9.404872993280016,-483.1539023730386,13400.76238372578
1989,15.88833112635075,324.43921617844074,12.75141362662324,-368.24024643920404,15758.789961243701
1989,13.121843177051439,300.519758987071,9.699888825934947,-600.6542565279641,10824.285491849885
1989,15.960229186826174,343.7106539950176,10.251152906943085,-386.0121438870955,25447.693608473866
1989,16.09034531491154,352.78624561443473,9.65385635143226,-368.28849326601346,6961.6948644097065
1989,19.694863168727927,404.70957592354745,10.031158095162935,-511.8068526991079,15923.702894478622
1989,15.711458552828317,265.376768514259,7.807449826209597,-712.1854899008595,25118.031096148196
1989,16.45232101350042,426.4775159730307,7.119898234811411,-560.7821987094433,15033.999222799988
1989,15.947932345442135,342.0996050710505,13.189010126449944,-370.3005453438891,14049.804824992527
1989,14.246982943570702,328.655946502629,8.306077303363345,-502.2868062298882,13212.772885947865
1989,17.714234221772532,299.3947812369916,8.017215301087386,-599.930223229491,14098.04159118796
1989,17.12789954903016,267.2571664067115,5.69321977279257,-550.4774921228218,21864.24237338265
1990,17.18654792056457,391.1585291980957,8.722076504620995,-415.93799734954473,3940.690443352465
1990,14.635918817807891,353.66589835942017,7.353820413185003,-445.32664317986206,22667.168506481627
1990,18.10419146640415,285.5019550129473,13.284030320272738,-523.8932099169695,7880.214237749275
1990,13.897223405811578,285.2460613968192,12.01963417868527,-536.6824411814688,13666.738353827926
1990,16.880285640700407,333.2107650354936,8.623699309644552,-539.1758149043822,12853.77789850669
1990,19.28568343871497,433.45107626446963,14.504871610688618,-592.2410184498502,17942.766348853598
1990,14.514195512303967,337.02043243181976,11.963530973983188,-338.4624310530558,7009.378240581262
1990,15.150553405595842,274.8428523440947,9.350337232982755,-532.232046921134,17310.863330409713
1990,16.14947704763146,337.7128467957028,5.001188570252854,-378.28414791745035,25121.548116434264
1990,15.244786518825702,336.3638215126165,14.581885145181484,-347.86839480775484,8184.129977035947
1990,13.6740048534008,215.15566785292143,7.220855066472808,-400.16891018520397,15948.530838051978
1990,16.102844462209042,347.2852566741094,6.709202506086216,-543.1620312718048,11690.089111016954
1991,14.406544429410843,338.45327348956613,12.045140864019281,-459.62699096633906,17129.43603096518
1991,16.710388645952772,384.81031824067094,14.879504812678546,-502.4195606390916,15095.73888707876
1991,14.620863648649296,442.44780474726724,12.768545637021036,-590.3701860730129,11792.565454778452
1991,18.324901607526307,406.3282514773879,11.12781824010472,-467.5640718278397,17439.36142435537
1991,14.825120061495644,336.5555654722585,11.189508683330573,-617.9039791159803,24021.740548933718
1991,15.516907725691487,294.6737045629165,11.706831117560615,-381.23206115384363,14045.481041363506
1991,17.220275826054504,478.667990162493,11.51785717957353,-546.4617297298394,18598.789710740908
1991,14.153703525349068,352.96092170072444,10.562382847938752,-479.88403441271606,8533.635210644181
1991,16.341189901906194,350.6964645956473,10.208402207903752,-471.6712128453858,10217.818115909955
1991,17.960714131423643,348.79374564449984,9.874813744200955,-525.8904973704077,17362.031389401887
1991,13.58877514815816,359.90423803839275,8.492070822266648,-441.3306198524725,22420.580142679824
1991,16.276950787798455,342.7819794038029,9.438649846266452,-547.4903656622524,16778.0667439283
1992,16.389824191372636,321.3168996559882,6.614086371609229,-412.87027025427557,13434.709847384229
1992,17.172734307665966,322.6570529379804,9.8033207464105,-634.5979680246749,14996.45702711677
1992,14.144573933682878,348.36233648920006,8.022817785698166,-487.3620420453588,8747.961330151413
1992,14.019315080373586,322.82876144331175,7.792821365568458,-306.1071000941715,18022.576631776836
1992,16.782912348425345,314.35771086614176,10.359788302306956,-600.0331324605575,19411.665311617046
1992,16.44547700984978,355.3215113845948,12.784004572689199,-567.7744970524851,12739.5483358346
1992,16.375739275518814,337.2511391289572,11.836633212004626,-448.6092150341085,12649.789261202492
1992,16.519672314245465,425.1996494291344,6.8589987927536455,-482.0418218060402,16329.391148260242
1992,14.979962917632264,217.4515095803494,8.020743726859324,-464.9369900726441,12816.401319797023
1992,16.348380545741506,404.5753425961231,11.881542375976432,-451.08128698523365,14669.336926870888
1992,16.439608709948022,412.30425962488147,8.035025212923381,-436.527853143823,25498.608945832577
1992,14.928472872960448,246.3304883795925,9.550733700005951,-389.0300158043777,13764.871496270016
1993,18.798661766717135,332.8656202959826,11.100104198049104,-459.0181343071487,13208.29923989389
1993,16.71074938136768,331.4279567002104,8.06331109027273,-524.1257654618543,11762.290971824204
1993,14.213044754196027,279.62441526410896,10.21075101229192,-432.7426298797269,18720.959857499685
1993,16.984830412950746,311.1091656204562,7.331949010163591,-310.01180651047844,14093.879133909486
1993,14.537977494659017,294.47120772670854,8.797264712097572,-513.2633746382573,11753.13480839287
1993,17.18062690561368,437.6135221711811,10.639563868285073,-597.4529304670641,21606.52016136506
1993,17.737893368511106,396.7839196573731,6.814012532936662,-389.2919330713027,22098.015022568186
1993,14.768976522472434,413.57775474970794,10.880949475920797,-512.0381163953598,11997.882171306475
1993,17.445064193866482,386.0836032021617,9.960724402146637,-717.2669546014037,5667.300243196918
1993,16.619171390404748,293.54741143913856,11.104979908834295,-415.25783228495783,20037.56844918461
1993,17.233090239991736,323.7739866860113,10.447828268129323,-553.5328185953923,11576.85087119998
1993,18.84518947398092,374.4687280613959,12.728280859947688,-509.05332823041607,18953.127995813844
1994,15.631917825995695,288.89360955540275,10.250449005295815,-466.80196694309853,5149.480911440822
1994,14.869395753463765,385.6499215086194,9.141188917749494,-480.95003202209335,19462.986691496546
1994,14.665728355561715,337.98373009209325,10.244595006064568,-429.05481828609607,8944.140353596093
1994,14.776284572551843,331.25895962252014,11.086596058072775,-543.5486370569844,18653.82059533262
1994,15.884347435878844,385.54799841017456,10.09772014065141,-448.6894201823917,15071.36533918217
1994,16.511727962224967,372.21316557430197,10.081183382407765,-525.9546677583917,10230.302903016775
1994,16.41503619899503,331.95169170904603,8.59601662438649,-426.1189519112497,12964.818435366098
1994,17.240774873554034,407.96649016821243,8.674198164898105,-438.4632515986947,18431.592284783503
1994,16.019502837816862,295.9468336200051,7.194789456400613,-593.5438702044595,15529.47226557617
1994,18.180301115735976,380.7967803472132,13.499153486373878,-391.40178838249676,17922.06490236242
1994,15.603014750143066,379.6550628984192,7.512273529217429,-553.5963445114048,24882.202922577428
1994,20.080253749884427,334.5226780343005,8.614189604408185,-419.1942201718855,7178.791941444743
1995,16.93850102164751,366.3066511121059,8.563185468861604,-463.27126865986594,23086.06287484312
1995,14.714263665375576,287.44432118073485,11.789848753888883,-316.1816323204878,15521.779687616065
1995,14.39366125290833,396.20135096034505,9.410100643415944,-522.3465982371852,10506.07975838436
1995,16.723708622864777,340.75489317785053,12.495484145347469,-534.9316796118197,8348.43187130505
1995,15.664805822011223,323.86384897404804,8.653018751512263,-501.94196058877327,14054.398046114833
1995,17.07100074113814,402.4504612918445,10.557988324447605,-530.3179782834276,19608.250559622298
1995,16.709856436860317,314.782815472862,8.329305893480486,-420.005809805795,14362.254398112329
1995,15.89075663101469,279.576935181822,14.290298255546777,-661.6310608436588,22555.774651236738
1995,14.729809422897393,272.1685413238048,7.624803161940974,-605.3682419146354,7744.121549742205
1995,13.727729162971203,380.300497567282,10.619641420454055,-606.7802921579193,14939.555260769726
1995,15.330227571899469,285.97853237518586,11.267553761864196,-404.96924080264245,8738.032777934404
1995,17.28459819148521,437.7397090992182,10.827598194902997,-328.93866274180743,16818.15941312484
1996,16.321140616195304,245.9035296058139,9.629424682244583,-510.44492185374713,19434.436950486503
1996,14.131391831932017,434.8228184145019,9.740358600533147,-516.882172319001,12896.191031594733
1996,16.259771388776773,360.55087336013094,10.08762294395822,-492.9947836886819,1978.9307168643281
1996,16.577976069593255,345.1643444064804,9.705995996743022,-383.81216973918094,15994.740733982473
1996,14.6742138456983,322.7540456595525,11.92775823358982,-592.7353134190574,17183.69275866755
1996,16.230587658918292,369.9568057176035,14.421046003182703,-476.16310172652146,17021.473774808488
1996,16.087313077669,348.1182648787576,8.885016429984333,-402.48023702175703,21178.91095911077
1996,14.285544553254066,405.1650941008261,7.260394040841844,-449.8905830060155,9644.731601754756
1996,16.536681040522424,355.71138243310196,9.82343590329749,-481.04183834012565,18401.08052725225
1996,16.841176789552353,357.51508807309386,15.159418675308636,-399.8953907432859,20962.537562389873
1996,17.624576864762915,331.8193893893072,8.392650864060538,-770.3232292999237,6107.062079967416
1996,17.580703078052355,347.15271881394665,13.278233610888135,-432.21246804690924,16598.259129594888
1997,13.933495948064364,365.39008844460295,13.355401628152881,-565.4075683127423,12479.100844961642
1997,14.593262440127315,264.4915803671687,8.892823516584011,-683.0632896856457,14592.38663449177
1997,16.77255290081299,282.59072889471435,11.137966158370551,-448.8797400475019,16738.382417691682
1997,16.770678926368312,387.1632047011357,13.256793246257075,-362.63414548370423,12563.857179432238
1997,16.77257152945907,358.5432719063971,9.241744518025026,-513.7448514627691,11621.459604191941
1997,21.779097235982082,340.80083318236603,9.592839279795276,-404.7125452797061,15170.762087440124
1997,16.856335766039752,350.92169665326963,8.836638172102713,-338.77217420113544,9563.770305685986
1997,17.7033484602709,367.37908526808354,7.970486538614266,-368.50855464159525,9570.874355574073
1997,17.431002645239804,323.0120159845319,8.701444909867986,-336.0035470628607,18396.86641478252
1997,16.977086876958698,311.08476372988434,7.552119466475487,-425.7872508928108,9256.029824206718
1997,15.527096133039482,359.79226275488406,10.068166936518452,-492.4566361098407,18331.56250454606
1997,17.138453830739902,301.0813611192484,8.460053537882716,-660.1965811897169,17312.956464269755
1998,14.840762178193643,370.4126377857236,10.467571823581496,-524.6062488129949,6370.966356047016
1998,15.644772089889987,264.87081978810795,6.888208707592746,-584.3246595316192,11612.176738321725
1998,15.271954678256344,401.4577818662822,10.661760464428914,-282.90572825021866,20970.54701523686
1998,16.122811209079483,373.6298741206522,11.667057923217849,-517.5885812432336,10094.17234430159
1998,19.47198785001026,362.8014867156938,6.012528714857089,-487.6795193215514,12677.978688453062
1998,13.199102211112379,399.1345491972757,10.748113139695144,-444.85146239595326,17310.304466259484
1998,17.02939028556177,433.27372222312886,12.455337984946585,-495.6397553627546,18916.952546412977
1998,13.580926193215522,400.7185032509065,7.580717962617589,-330.49489595692467,13742.305569777522
1998,15.29210220131585,257.95628843341774,13.345144773675408,-562.2649361734452,12012.449026541792
1998,17.633425895451047,286.02115166321494,10.83803801873209,-480.53925447627574,22111.84930849254
1998,16.096420028643195,318.75907111521605,8.589976288483182,-574.2470585698048,23694.498318987895
1998,14.38338283310604,351.30455251054167,9.888461844684588,-632.0022511220706,19894.290253908977
1999,14.927044436110048,375.88295102345614,11.116653825043445,-561.1769090905285,15426.59071282512
1999,17.019396623402013,313.71280934232675,10.152010782824822,-503.7036797048412,10958.671391795368
1999,14.904450052424295,359.3383382238539,11.077511984892737,-542.930222451726,10847.777967217175
1999,16.324687884372963,312.23085338233386,8.158652813841268,-569.2420979873856,17612.57052632879
1999,16.068357759855722,319.4241098504026,10.338721648072156,-640.6317463671834,17091.99110444342
1999,15.022599478591275,279.6669451575889,7.17257100619004,-508.31055726286945,22007.992964732148
1999,19.21591613398799,303.83833769445476,9.777547877302599,-650.4720374031002,18252.250462680695
1999,16.950878533477017,282.41576971918334,8.19218471707042,-423.99440363103975,7484.59849120091
1999,12.962286120013589,301.20633735113336,8.528940114820466,-491.7560247065497,20259.73808861459
1999,16.27968147215414,402.682089830392,12.472186350420875,-645.755149946493,10009.696863427936
1999,15.007320302847418,302.53005555840286,12.182620241188538,-530.9209077049863,13080.143640238242
1999,17.278650002194336,481.61910324186954,11.218276241814355,-575.2156405590583,16251.001031258473
2000,14.811218892350949,374.6658950440445,7.815374470654842,-468.08254895808193,24978.33744891982
2000,15.827895337799651,359.2418061847437,9.367183100610395,-365.9549553976856,30549.592780026804
2000,16.757480918470687,307.0821109909393,12.426195399958367,-687.5172469645745,18033.615295680913
2000,17.298632791255184,385.0154939704496,10.28343382727981,-488.4973920852583,14084.016906398061
2000,14.199555389416336,321.21810868811133,14.63865907996339,-516.0132795566641,17672.52824240275
2000,15.498248146238577,356.1004907322681,10.786635678788743,-432.86599235495345,19438.27712936918
2000,15.287582033258566,478.00422691343977,10.384098232980064,-478.6803371762311,13396.661872214041
2000,15.020006151139432,345.1970050137675,9.381767071594997,-575.1969331738819,23976.05677956161
2000,18.648181360421646,407.4636663142838,10.267081809564564,-531.9053935666618,16150.35379595701
2000,16.607472566441434,314.84117874370565,9.695060327238913,-579.602585680349,17488.71544545697
2000,14.108674068497432,348.2505754751519,11.416217353377181,-392.39928614014013,18329.621260272306
2000,17.376792920582165,438.5400317817755,11.913404633589169,-497.86883513280577,17107.93305307228
2001,19.18323429551895,318.65164711061163,8.4280210789841,-309.88093142469927,19194.70250234806
2001,17.54869789082672,440.62242789984646,7.337534092884444,-506.0660813814621,11913.734067265385
2001,13.72094505106898,385.38759677277375,6.327589253793407,-570.8406766910463,12208.491230269847
2001,15.273648890700622,321.8766612052866,11.015982653825088,-651.3714392612827,9499.228835141526
2001,17.900366723779936,381.6203869527761,7.793266787652253,-680.3139676255945,17197.50615310113
2001,14.938495801571829,398.6277224813365,5.694218814095034,-658.413594300549,18894.68251756057
2001,16.66572914221934,381.0904981108598,10.777157209061928,-473.28733489885167,17288.86433075943
2001,17.161951080144004,271.48876400547715,14.985999034865582,-449.1274976770066,23372.462166737685
2001,14.609604292632875,313.64314120875656,9.987858176920213,-658.1190702032134,14972.019905854768
2001,15.9107119659073,337.62406822242474,11.676981548903283,-410.49616859238847,18343.708277962563
2001,11.138098989896392,346.2783285449977,10.16365871709513,-548.306105168344,9541.495619303429
2001,14.463418537998566,381.0336048775339,9.802220693617715,-485.3206988014451,13064.501487627995
2002,15.621147772910259,358.8850500466627,11.838152965975537,-338.7779371744576,18477.688787828887
2002,14.128325227052725,283.2327820644949,9.419450911622697,-410.3160684134468,19245.51055371572
2002,18.448616955897453,369.00989255029816,10.534784628143806,-526.8530647905832,13530.165261679089
2002,13.85478793305905,380.52928726419117,10.643395612392027,-589.1192225415288,14642.003740709666
2002,15.339933269954525,377.989522396552,8.663819092713902,-715.1815401329304,7410.631266595953
2002,16.196110865929136,404.0390362777311,11.984084699073046,-571.915331924242,13214.853995966952
2002,18.161909933599173,391.6961077274452,9.650080486609182,-521.1130238827694,19451.91581759893
2002,13.84620677323084,372.95900396142184,8.48850968101431,-598.7179527151184,17876.025080532832
2002,17.74474562823244,346.4917144270677,11.073019687140807,-513.1256967092305,17503.32860690605
2002,16.01534959152938,266.9519533242004,8.203064036417926,-492.3148117041232,15248.8684359048
2002,14.527737023428074,371.4809109566293,10.056362314738257,-522.4855981808079,15035.315793140882
2002,16.693155211394906,360.38438435815556,9.981762006711593,-565.000258082346,11698.394302632765
2003,16.298589543360205,363.5789418597687,12.171791131663156,-483.13453280332726,18494.142101012672
2003,15.099674684261808,286.16257120898456,10.949396465759905,-455.8059350430591,17104.86472194695
2003,16.104703127485028,295.94717297958687,9.949946082509712,-609.0399077442846,17460.094239963997
2003,15.42202960470736,402.6576426666452,11.635532598400575,-358.906762025373,12369.825786662099
2003,16.170276017876873,348.02224230716723,12.780415098034627,-509.8588132284262,4233.285400643777
2003,16.99319601178157,384.07503486863123,11.115620612703724,-498.11503770551525,20485.763558768478
2003,18.37902522421803,351.41591880652305,10.02070523968676,-429.1785576743443,12605.81271995798
2003,14.143276751759727,351.48780697478725,7.376327535299681,-476.67838687364986,10686.121179784397
2003,19.1995500619844,396.9141902987999,7.869772673849255,-404.6863366086755,18467.39455956997
2003,13.071868300716247,324.1977635891313,9.389550591290664,-471.28758347981756,13039.936800404352
2003,15.772322357446624,354.8060388470492,8.780975595681433,-561.2437374640438,20299.68192023311
2003,16.882475809726866,326.8862355647479,9.626057394029107,-463.84964747938983,18085.029747883487
2004,16.42148780160255,328.2751886283842,10.113299849794215,-614.3726207320661,18417.84661600239
2004,15.06595072026911,334.541393826568,11.059385508713461,-489.14402942234767,8170.221443997329
2004,15.687816624464087,361.10668858168566,9.859002443881817,-503.3229990644461,21059.719926932004
2004,15.26049859801175,326.06256891682614,10.973003287652404,-520.8116857272539,16306.25265616928
2004,15.115952864583683,412.78780627867604,10.12894882962024,-512.8537511438931,13153.614303768984
2004,17.274403145531537,305.2696348890248,6.049066867292257,-688.1849045497639,15716.942336711256
2004,16.53552322894757,340.65641779193203,8.121329212362491,-554.8724907740961,6118.8238355083995
2004,14.960635607109019,328.01344708629125,9.71182488855677,-490.71550988588854,17043.264057403354
2004,17.349399813149876,422.3488942176866,7.580610514317785,-484.01436080025996,9853.142459089642
2004,16.460949281314914,359.8277388255787,11.199857459992408,-602.7675140925958,8236.648570782327
2004,17.21929317825844,401.59222697343176,13.061501664687395,-373.4292159135299,7388.204068910544
2004,16.944443262885418,275.7219813481514,12.437523703394634,-586.61748482145,20563.441874949625
2005,14.756507483616891,363.35251329346295,9.573114258139585,-403.05427994732634,11853.683031536057
2005,15.159728439704546,394.4815397811719,12.981452273699905,-457.28056381283153,22668.638549582494
2005,17.12094040768489,354.11419946377123,10.297334914404223,-564.6227309843803,12320.99268473851
2005,16.915555398150197,403.27401875326757,9.325828057763921,-322.4689107390488,6463.2102120352665
2005,15.968647609053777,324.13557749498136,8.77319467291812,-619.363683175648,9417.377800256705
2005,16.17599107496317,420.46737200927896,9.395060627023744,-408.08458263899985,21179.058100034694
2005,17.916497343682636,464.9449061809625,9.223646362917542,-399.94176819570214,14220.509110316663
2005,15.112642916746255,331.85807197801705,10.340832444750976,-567.0620209076645,12258.563517546994
2005,16.820646071755057,327.7248739299614,10.32114796209973,-360.75346999356714,15800.09112926394
2005,15.69671102134916,422.66922385588504,10.006092040306829,-525.0046514598953,17508.913680837726
2005,15.67347819515917,428.97860728653563,10.8738763394927,-471.1306370720143,20586.994079512304
2005,17.648165277980784,323.8569986423366,12.381292549572683,-473.96781612287793,22242.49614946463
2006,17.238124523482046,328.99065914520713,11.899108270882648,-513.4308741470547,13201.156771054571
2006,17.220264454000958,335.9107695569746,7.030204063100193,-418.91917268402176,8369.76156958981
2006,17.958218210731495,282.77747444828617,4.89215773019609,-420.6511279447787,12932.67419438362
2006,16.03150576244914,304.0674026757901,11.868639822478547,-674.8531973238181,16301.402532914432
2006,17.022929456942446,299.7929616623966,7.266242603169157,-369.56597571218475,10181.205368946947
2006,15.534599865109817,311.61012174479356,9.550469196214634,-666.2491988035674,10214.245425524787
2006,16.486249528732664,348.2657556306609,7.6597739478812805,-396.74537956583424,16718.93940774943
2006,15.804785418448473,361.710736626826,6.396039124839961,-387.3294863172417,14756.738242147745
2006,16.145493947489076,427.52502464070386,11.082925456409576,-609.0966430215199,15163.984977057933
2006,16.89273553815537,300.08229796306046,11.518310320605293,-541.0814287954585,11207.523326499653
2006,14.772668975149791,399.2161199238292,8.846979198546562,-610.5704668485936,13847.996428971164
2006,19.13858091352819,339.3005577887246,4.81791541571018,-521.4921030288735,10378.834278658478
2007,14.490973927750447,347.52681451737834,8.907511103495034,-530.8034284185741,19450.992055623934
2007,14.178717080818402,383.7409746083302,10.783608010805093,-422.033946773066,20176.246673618763
2007,17.737166310250103,293.86389892188504,7.0421768624517425,-368.9691253880392,5769.060688809532
2007,17.187494040944404,369.12048730920253,10.36671983955831,-360.43161892100443,10352.44569903795
2007,16.93617972557823,358.3226104106528,9.96938030165401,-556.2168026578302,7517.3537245496045
2007,16.94251826389642,374.62256320040746,11.158582999202176,-520.9221873744527,11749.88032796551
2007,15.981629840729628,364.4584321953909,10.239160736828307,-668.343819222095,14582.810151048196
2007,14.654118442771253,472.7650069955447,8.05386211823689,-580.5870066496188,7751.773901507349
2007,16.11370683729059,318.1130007874342,12.393143003328984,-403.51483669025424,10390.700934373435
2007,14.984257432731832,323.45015224990914,9.68294085394606,-338.4417176451768,9980.213139592506
2007,17.462679600126627,318.8429736787618,9.945390920980136,-623.4348871879922,16036.33664699472
2007,15.779413927746791,322.22614404198725,8.133464081853608,-559.2464259152894,15346.721685181252
2008,14.761754204811233,318.13064363467413,9.11343549761698,-502.6405756958927,11391.312233313733
2008,15.51792123752051,409.4508265553776,8.230394571946198,-471.9838841180393,15884.10436069699
2008,16.619397181413436,421.0252123994927,9.654107880153154,-580.9603519921646,12266.599577063673
2008,15.154413170794038,321.46268531252616,13.423416960284687,-457.59389555359104,13641.724448369734
2008,14.766669406650353,308.38222134478855,7.256197714137287,-547.3839347070916,23367.260451492686
2008,16.365530817237868,373.5707778193202,6.772877204246518,-501.4452270878279,21702.30525895174
2008,16.367449856663086,322.38884778595144,12.942340654987216,-445.37157519963006,8502.093815362012
2008,15.239585236943306,381.6465908877755,9.581352645696267,-499.35777301890624,19148.66208939587
2008,15.293442541572515,360.146151042565,8.661854522680168,-543.6385890526568,19056.98277245796
2008,16.348074906036455,274.2127942501384,12.079809374792152,-510.9609803925831,9258.683556236909
2008,13.827873487754013,427.3752600665031,8.788768920526271,-508.83629592053353,19093.888218774304
2008,13.888804338435168,439.7938836547761,13.652019427093872,-537.0011029882128,22689.659592062766
2009,14.922333668121347,319.3605654757807,11.355851742678539,-525.8796062667102,9387.27596877793
2009,15.67982927243223,330.6149220032008,9.024177183708595,-340.13528294952835,10412.485894928683
2009,16.466361348397008,364.29326953624525,14.314616426531007,-443.9080552058761,20088.307334217512
2009,18.213034325424328,366.72283949935127,8.788570153993323,-529.5480318029161,16357.47655412824
2009,17.28648943480303,382.92721363364154,11.484190744018614,-430.3045595489264,17757.381376197616
2009,15.760092205054859,450.5102269383175,10.598585160812984,-533.381948975601,16702.946082002483
2009,15.971475688145967,341.1526386252975,12.603482578797596,-382.68753624133586,16953.47960464072
2009,14.496205953043287,310.0851377730773,13.123022393453706,-463.03578078019063,8367.639358444585
2009,15.972230296011416,281.03403859927363,10.064008298131533,-510.7302144004229,20236.588533107242
2009,15.567012041619792,313.45349800290404,8.493164259307633,-455.22830741897224,20847.949962138868
2009,16.484077840507133,348.34365135631015,10.919944285878232,-657.0876152068499,13853.046279659862
2009,14.759153584671516,439.7278931758894,8.644569260495787,-612.6767468909806,14782.615250930688
2010,16.77901977136176,324.1194350481914,14.026774495053246,-619.3925006399055,7344.462487221389
2010,18.299108369503866,361.18939758194495,10.273070662165475,-485.7056905236293,17571.273780089174
2010,15.836859777314714,349.1788551963624,9.269356897375783,-326.74850005149085,17860.28720857072
2010,16.602567583148414,409.4196636724042,10.369360611729817,-276.8699853807368,14689.044915003446
2010,17.03521598756667,476.3466212936811,7.305747420940607,-436.19488985592426,20621.766799352514
2010,15.398169292171247,323.45656135398394,8.056771922978697,-449.9155525055543,13329.613845100297
2010,16.336138722715624,325.5280278740889,12.400827815888851,-680.1057734152739,17823.029629468
2010,16.01888860117269,402.2080438534536,8.686211442057209,-554.2673799734022,9901.678306539423
2010,16.146514147823247,384.0945744813156,7.90617803463612,-578.7783751908239,14882.239245628809
2010,14.8404853242168,442.3353662868017,11.073305505054572,-562.0847598251116,14128.22871048582
2010,16.036765261388414,379.1964092662982,12.371408309325993,-516.814381858479,16126.539610204709
2010,16.746997436868174,332.035395460647,11.437906621330134,-547.2090577697128,13152.365355833208
2011,18.176715411692562,379.53274153461547,11.992095371611633,-697.9299810375787,14342.637021641662
2011,17.43890623912781,405.4351790291454,8.486409822861079,-425.2089743882466,19130.23585720753
2011,19.229773686267336,391.0241090598682,7.1563786665163125,-607.2743025739807,12816.178813808912
2011,14.848978655667926,375.3637015553649,13.002667303910973,-476.075313588885,6967.1144963066035
2011,17.308480955081016,403.3337344794577,9.354640322315728,-292.59173302500267,23747.919521027103
2011,16.275013008607527,408.4647795222836,9.498333967089906,-591.9384591586423,21907.270393452432
2011,19.28470439982651,419.10794955187635,12.656388283698115,-753.028752274633,8538.686524471907
2011,14.787552571967273,382.4354943794821,11.11246001880132,-528.6004221880111,18448.53902622597
2011,14.740417236728836,341.6440959841573,10.911775544163214,-389.90403650014287,12485.126147243285
2011,15.100911031833967,357.3356843216661,14.330004689802168,-304.1652545779406,16317.436076655298
2011,12.81415641353529,410.3254483254178,8.712963539239714,-622.9549594452417,16471.12064506747
2011,15.211367467478858,309.1532164506382,11.855680256162474,-450.33007767634786,13827.96099841839
2012,14.861301007669454,368.43366544364505,10.114026249794168,-546.5310456780053,11081.171672068018
2012,16.225590679714312,330.33305938363196,10.537184557726514,-510.5948354304136,11547.294738418703
2012,16.51263396366574,351.43724114674086,13.056936852825064,-235.5656652982965,10419.040422593787
2012,18.81425625882383,413.92259313036493,11.015671512579248,-650.2970328395153,10840.888958847776
2012,17.425635757279075,359.55495340099515,11.076592158099267,-474.6260338505426,14664.108549753224
2012,15.134644516506395,352.32182740780746,12.145014674619604,-453.2306828234567,11421.20005444624
2012,14.652377992977463,282.0071929510041,9.27009454091423,-391.4213675060653,18410.260328563098
2012,16.737878757259757,387.312678301361,8.321580665321987,-490.20168465291044,22436.230776679637
2012,14.019650189469036,382.2742090570538,7.910381611957932,-469.19494604958976,12099.733793149786
2012,18.747188148781532,458.16273616527303,6.067286821247997,-539.1648567421792,16197.022502676886
2012,17.76916018108193,334.61108825235,14.112414259880644,-473.0873058754893,17498.42555151467
2012,15.296236521842943,360.95751638319695,7.793583268556634,-534.3192275497411,17360.011354596372
2013,13.430298206363684,362.46918418553776,9.557492752828455,-437.8428110143949,15379.776339580438
2013,18.03080856124812,428.8726639881737,9.446373400222159,-536.9610336043634,18713.41209179861
2013,15.828190232121074,345.23522338065237,10.614813395618201,-462.28996060978136,17411.244763403287
2013,17.85672446796019,363.95107628851696,11.631474425078594,-502.9262813684978,8811.68788836351
2013,13.608358511808449,380.39482548582697,11.72094697671949,-387.3949749227832,19345.780321946368
2013,15.100937465569341,359.33045615781793,8.833845122862122,-505.1393723588486,19436.45418633371
2013,16.007865549577275,327.6783192724736,9.665756572427178,-677.3032468206882,11183.569479107093
2013,16.070470890647112,359.70449964491536,10.5651599009766,-373.80784992860083,15189.68917723801
2013,15.324901792781134,403.6815874929886,9.502617747632906,-590.5732300862619,18416.644964055347
2013,16.93427489852125,298.674235029447,13.214691152039986,-565.376633864882,13953.430902103191
2013,14.398569355926108,356.6484837073438,10.981949903276503,-559.5661294043492,20364.89023883006
2013,15.78643077246806,314.99395925304134,11.469755572099634,-362.55619068291827,26819.362473096804
2014,16.18044344756785,409.7523314462421,11.325762537334825,-713.5674213978696,11070.069836825089
2014,16.771658251088123,273.8406547608113,12.34694771497065,-186.22514663400062,8094.776984231125
2014,17.067422317133335,322.0539076364206,10.362043117407413,-394.3943190933948,16519.09297802438
2014,14.313036862243196,368.86059375322606,7.406336104088307,-477.67610858708406,18607.812525630718
2014,13.698828743896566,428.27620146171705,10.799375903505283,-505.48940006162866,13845.668130776156
2014,17.916515232847765,346.7124869463506,8.697286212416342,-471.44459251423433,22266.303316605172
2014,16.498471017969386,322.24002366534006,8.942766636500487,-447.8877571620662,8306.971001383756
2014,14.87727019516517,444.0578534720295,11.172728037510186,-435.4784414049943,18464.593115158055
2014,18.326727963283783,277.5993049791878,12.476566142867272,-444.43955339965515,11970.695896205532
2014,16.173511951439288,240.0597021689959,10.042543153472124,-491.0419318744751,23596.889531036482
2014,17.76894577609574,372.00072250266663,10.617666025197927,-519.7338420307326,24962.57676584059
2014,16.101277722115164,324.89728878236946,13.404429889270476,-515.1273283653512,11166.71706108326
2015,19.09112188732298,298.93835914346437,10.481506358977137,-519.4908280352681,12252.2143204571
2015,18.633011263664805,385.41782236496766,15.203366228360789,-386.62299031329354,19297.93943489901
2015,15.626553777281389,362.19003568855993,11.131019291263089,-440.6443277719138,13064.346751052428
2015,17.457356426431534,321.7960684631636,6.478474481688364,-794.038863466428,14772.943910338809
2015,16.96806392437772,285.9847800664553,11.506683242209064,-434.4099223470239,15126.942102712052
2015,18.052947336298523,393.62286641400726,10.762316769765555,-480.5263805281225,5401.6342190117175
2015,14.552614809129842,382.51005889793305,12.579505508165491,-501.8708756445897,14930.811269528815
2015,17.029077189997658,345.04120681103086,11.346362702539917,-538.8518453088886,11551.361129679131
2015,17.587636730274383,442.3318498023833,9.723088032032452,-387.58872800139864,12534.38588800114
2015,13.361890770365328,296.49576168369236,7.551403527421268,-405.24735378771425,22218.16001734407
2015,14.225112231001336,273.72374145376307,9.581953485427949,-577.2877667823609,8717.46552860372
2015,12.941151733359849,315.4045965059378,8.2989590915814,-459.2947712875465,19066.025933739886
2016,15.595889748333164,347.72069918222513,8.838953100390555,-597.1656734541286,13605.185348340958
2016,17.076313383693943,362.1669724661346,11.17715680884122,-637.9618164788931,13601.199157520829
2016,18.253535578144042,337.9381971071835,13.339809008702812,-562.6717224589966,18951.859480258558
2016,16.111142170629662,367.60276982571486,10.789343059645962,-413.76065276172415,16700.256472844452
2016,18.44292331835694,287.4230287904778,7.608233875929631,-404.6874954623913,17853.064986097655
2016,13.929847812677663,422.18823020366295,10.88920533644028,-448.6914579902707,19840.923302664305
2016,13.444926340967267,345.89244108037155,12.393262973291302,-427.49042131520025,13343.458084083386
2016,15.916678451655072,405.86479157940636,8.780434191361236,-448.38217128850414,11938.816327461249
2016,16.576098173408962,367.1362673188852,9.731965666654165,-564.1481595222953,9574.24736721101
2016,15.95095787785886,372.8376609576892,10.029376389458394,-456.80774553260596,10872.947350105223
2016,12.898836849940185,378.4883640116102,8.43020337383552,-419.95904747723176,29745.472126543624
2016,15.866319940730817,372.3854280008658,11.296560867687718,-424.57086701864256,21223.397903683934
2017,14.04329574924272,382.1361379933772,9.758103702784437,-381.1086628525357,8244.628168959895
2017,17.004508823245057,416.4576265066216,10.839064887814056,-429.1696152798936,8387.71021628215
2017,16.549897369145274,359.82605848507353,8.2250156443958,-464.8551792458417,17409.330308592456
2017,14.590180320508967,385.4501878794256,9.12508339935318,-392.98497616835726,17736.323986889834
2017,15.22919962399496,345.51321528563864,11.444762715655543,-502.652125924906,17744.419176586824
2017,14.411179717166572,422.0058607724736,9.254333695816467,-588.1874651227718,13725.221032231511
2017,15.905981354090242,316.1803848970365,13.45392770246681,-516.3066963943763,14372.728699985499
2017,17.432713480751858,440.0470216455408,9.200727628770796,-574.4902644806449,16639.397620796786
2017,14.521410930496685,347.99210246778284,10.449369451503772,-567.5178274974381,15429.465031466652
2017,16.756069773276767,278.4612448940976,11.86518166374618,-514.4518670715518,3903.498136262324
2017,15.204613572441339,356.40522074553945,7.163268534133937,-579.2419920999961,13851.001847124031
2017,14.810690751606483,315.94741712625597,6.478382376038448,-530.796152963904,10742.96782869843
2018,15.839454460068163,392.0321774494362,6.94868737085981,-689.3614666953786,15876.05709454256
2018,14.44713651637094,317.36880103488045,12.525168206854364,-478.67062926270614,29926.29501301705
2018,15.169526041979227,327.69082833926103,8.896283708215107,-499.87945246377757,16837.408327371522
2018,14.203183161116726,255.52296345272345,15.116398571336504,-581.7088631068191,13432.35156913801
2018,18.947087699374585,327.38468403754615,8.871504802685223,-434.07543315675946,19609.00750988626
2018,16.052895327957593,228.80603366855217,10.369102606394074,-406.24298623734416,17413.439436046065
2018,14.950411738011121,270.80485882571384,13.08421990513575,-660.7559864368974,17100.472452259208
2018,16.320969866101333,388.02073280721487,14.012185776318246,-576.2724778566214,18034.252966078355
2018,15.831507925463756,389.2900079325416,14.123007153272795,-576.9142349787298,25282.71782414771
2018,15.668545600700165,371.27287808924825,12.416732461186285,-593.9903101108864,9345.557823370422
2018,16.921250050065137,301.6511928435393,12.048125051622925,-417.05251580682517,17368.16038405727
2018,17.136261565070956,347.614432192901,11.185053898402366,-519.3826138772804,10368.094350092308
2019,15.20424827858421,349.8198730454716,11.556722152333275,-526.4514841310611,17777.56323171124
2019,15.13627263903298,292.0817655403729,8.897628567342933,-700.3862364406754,10406.567442569529
2019,15.587422454272534,425.1699150883575,8.363602233155385,-436.45819697907734,12913.165931974578
2019,12.547118252896624,393.86811452878356,9.993251085178096,-623.9258394853473,13524.550428810468
2019,13.727213406702171,338.9517913085168,9.659630754950143,-494.0067369733672,19879.083596723547
2019,18.050311401166788,351.34429194972654,9.09354390134545,-472.26230620418085,19592.272219712067
2019,18.467451570251924,360.41914039737765,11.39277489491343,-363.93414041613494,8771.413117768077
2019,15.626445940665432,247.91325657878548,11.910610417141022,-630.8820399119112,15274.670554999244
2019,16.86483544458365,337.64113087397016,10.176813772583694,-801.9512155820826,11452.100726254137
2019,16.466875231815305,315.90078760011005,12.955060162110524,-481.6150455246305,8707.475446623328
2019,20.618321212682858,299.91899950525425,7.71662177173299,-319.94888184891465,13914.914747878149
2019,17.679362367151864,335.9449853557023,9.612681081440563,-376.10536470605626,13457.586057720902
2020,15.80812361277885,439.88432634247613,8.56635535879439,-479.0340584725374,27133.582431727613
2020,14.566689339099362,382.0421430633505,6.26692676585388,-549.1636185632047,17164.799126803482
2020,13.59033051961364,321.4410505108602,9.834638628314602,-419.28774033626894,8111.912496228813
2020,16.305195453800835,378.62913906780796,9.756504983233432,-597.3546199704468,12176.12997914529
2020,14.865473882073545,419.9677718293001,13.026899486484261,-452.36422306437805,20106.91647714699
2020,13.86661943560349,396.23168414563844,11.261623369109556,-449.4529840833373,25442.213864349626
2020,15.030140673636211,352.98151849600873,7.95162635134159,-393.97900925011203,7070.0834388102085
2020,14.377677994578407,317.6531611147213,13.708185132668376,-224.0339961088922,5600.3780743047755
2020,18.530712452608846,384.9111656806795,12.442067391050706,-460.7584032821233,24354.82587685891
2020,17.322459635424174,369.6742692710875,11.164195406937232,-550.8963625707498,16948.07088685452
2020,15.988041038025074,394.75966100138663,9.547031802300337,-502.55743121919943,10658.536340618168
2020,18.21991620833504,381.7585900840985,8.08112152655304,-676.9075904889119,17673.145430612178
2021,16.116052461471426,402.47763576596674,9.255586447857894,-569.4713131089059,1821.2613049156116
2021,14.708073698007604,323.2382394219716,12.177497239408371,-540.9282438113104,15016.877532985805
2021,18.284686115904485,415.8697032817163,13.769172611869218,-552.4088397934593,16639.105864215428
2021,16.80836506552699,359.87998023462,13.086487056544378,-484.7645127966278,19621.350697689148
2021,14.444130768510316,453.76304363126326,9.022301156427451,-582.2419932382201,9930.520238537312
2021,15.714491982874588,315.54060909552163,7.760765133421978,-387.89693326755287,15428.435807016795
2021,14.686572619922863,436.79819015826246,10.281772493822407,-499.97929350818026,10372.876869702064
2021,13.925800403553495,359.89553917313236,6.463121268874296,-500.93003211386144,16276.918778371586
2021,17.389266321297463,317.42909981927755,10.646335428369563,-532.7894716512918,10523.268388184879
2021,18.864124960705198,325.8057082972839,9.704794827402663,-484.4809316141021,12959.495804198898
2021,13.902148639271289,333.98263459028396,9.067926996263516,-417.49017353323654,10020.923026048855
2021,16.844453855035855,371.2082973200958,6.810593865466409,-586.71302157109,18255.681209118284
2022,15.02403614631726,376.14177440177497,11.027200213139434,-565.8116489075256,19292.255583283328
2022,15.269311924352955,321.31499980307103,8.934598320676177,-530.3726028776665,13826.897150212932
2022,15.111409113641697,348.78227038695087,7.6601663285794235,-634.5870923473215,15191.189974800141
2022,14.704013845480276,457.11351793059316,4.255475573436701,-581.9257859721498,7757.04292683228
2022,16.07278244191724,436.3771585050356,9.944970189898727,-547.6220873544659,13501.616759966064
2022,14.753574825383444,371.8161834837016,13.544503193339487,-412.5610819287273,14748.976914791276
2022,16.405685238669758,351.90017390841,13.32251842909574,-473.7438670998075,28103.965455149875
2022,15.924642835826294,356.0015663359131,9.085807486827456,-480.6410088632456,9440.164871129182
2022,15.641577929700386,380.67589863652086,8.79557587927644,-414.91020378320275,22320.886193762188
2022,14.638654506937604,298.8603717400797,10.937548512150048,-513.7371788399397,19984.29386732904
2022,15.1348430041475,337.13117312883276,8.003229121623416,-460.95351500711104,16403.18202245068
2022,17.133086838738635,266.57079630612054,10.603583799638931,-510.32217529324964,23793.102420975665
